"question","answer","fileUrl"
"First question","First answer",
"hello","world",
"hello12323","world123",
"hello12323","undefined",
"asdfasdf","asdfasdfsa",
"Express questions 1","Express answer 1",
"question1","answer1","http://localhost:3000/upload_99bd9030bcb8046d8b470313d0ce1a8c"
"question1","answer1","http://localhost:3000/upload_b3859cd45cf5c3eea36d178c20c13bac"
"question1","answer1","http://localhost:3000/upload_ab9232af9c70f9bc0244ee6218063739"
"asdfasdf","asdfasdffasdf","http://localhost:3000/upload_c4a071226c8f9b74919dfd7d2008455c"
